{
  "Q2": {
    "method_name": "Q2",
    "matched_samples": 4,
    "total_samples": 51,
    "coverage_rate": 0.0784313725490196,
    "overall_mse": 0.005722374089809803,
    "overall_mae": 0.0533329957101168,
    "overall_rmse": 0.0756463752588966,
    "overall_max_error": 0.19634049485886323,
    "noc_accuracy": 1.0,
    "mean_sample_mse": 0.004037762987373266,
    "median_sample_mse": 0.00319084777304594,
    "std_sample_mse": 0.00411292436249623,
    "excellent_samples": 4,
    "good_samples": 0,
    "fair_samples": 0,
    "poor_samples": 0,
    "excellent_rate": 1.0,
    "good_rate": 0.0,
    "fair_rate": 0.0,
    "poor_rate": 0.0,
    "sample_wise_metrics": {
      "B01_RD14-0003-44_45-1;1-M2S30-0.25IP-Q3.0_002.5sec.fsa": {
        "true_ratios": [
          0.5,
          0.5
        ],
        "predicted_ratios": [
          0.5094361739147811,
          0.490563826085219
        ],
        "mse": 8.904137814999481e-05,
        "mae": 0.009436173914781076,
        "rmse": 0.009436173914781076,
        "max_error": 0.009436173914781132,
        "true_noc": 2,
        "predicted_noc": 2,
        "noc_correct": true
      },
      "A02_RD14-0003-44_45-1;1-M4d-0.031IP-Q0.9_001.5sec.fsa": {
        "true_ratios": [
          0.5,
          0.5
        ],
        "predicted_ratios": [
          0.48882117543927994,
          0.5111788245607201
        ],
        "mse": 0.00012496611855935798,
        "mae": 0.011178824560720058,
        "rmse": 0.011178824560720058,
        "max_error": 0.011178824560720058,
        "true_noc": 2,
        "predicted_noc": 2,
        "noc_correct": true
      },
      "A06_RD14-0003-30_31_32_33_34-1;1;1;1;1-M1S30-0.315IP-Q2.4_001.5sec.fsa": {
        "true_ratios": [
          0.2,
          0.2,
          0.2,
          0.2,
          0.2
        ],
        "predicted_ratios": [
          0.3563754766364532,
          0.15303576168368077,
          0.15869708808832936,
          0.14863377209671308,
          0.1832579014948237
        ],
        "mse": 0.0062567294275325215,
        "mae": 0.06255019065458126,
        "rmse": 0.07909949069072772,
        "max_error": 0.15637547663645318,
        "true_noc": 5,
        "predicted_noc": 5,
        "noc_correct": true
      },
      "C07_RD14-0003-30_31_32_33_34-1;1;1;1;1-M1e-0.315IP-Q1.9_003.5sec.fsa": {
        "true_ratios": [
          0.2,
          0.2,
          0.2,
          0.2,
          0.2
        ],
        "predicted_ratios": [
          0.39634049485886325,
          0.1488205752018281,
          0.14022630303340985,
          0.15997605980340432,
          0.15463656710249452
        ],
        "mse": 0.009680315025251188,
        "mae": 0.0785361979435453,
        "rmse": 0.09838859194668449,
        "max_error": 0.19634049485886323,
        "true_noc": 5,
        "predicted_noc": 5,
        "noc_correct": true
      }
    }
  }
}