Method,Sample_File,True_NoC,Predicted_NoC,NoC_Correct,True_Ratios,Predicted_Ratios,MSE,MAE,RMSE,Max_Error
Q2,B01_RD14-0003-44_45-1;1-M2S30-0.25IP-Q3.0_002.5sec.fsa,2,2,True,"[0.5, 0.5]","[0.5094361739147811, 0.490563826085219]",8.904137814999481e-05,0.009436173914781076,0.009436173914781076,0.009436173914781132
Q2,A02_RD14-0003-44_45-1;1-M4d-0.031IP-Q0.9_001.5sec.fsa,2,2,True,"[0.5, 0.5]","[0.48882117543927994, 0.5111788245607201]",0.00012496611855935798,0.011178824560720058,0.011178824560720058,0.011178824560720058
Q2,A06_RD14-0003-30_31_32_33_34-1;1;1;1;1-M1S30-0.315IP-Q2.4_001.5sec.fsa,5,5,True,"[0.2, 0.2, 0.2, 0.2, 0.2]","[0.3563754766364532, 0.15303576168368077, 0.15869708808832936, 0.14863377209671308, 0.1832579014948237]",0.0062567294275325215,0.06255019065458126,0.07909949069072772,0.15637547663645318
Q2,C07_RD14-0003-30_31_32_33_34-1;1;1;1;1-M1e-0.315IP-Q1.9_003.5sec.fsa,5,5,True,"[0.2, 0.2, 0.2, 0.2, 0.2]","[0.39634049485886325, 0.1488205752018281, 0.14022630303340985, 0.15997605980340432, 0.15463656710249452]",0.009680315025251188,0.0785361979435453,0.09838859194668449,0.19634049485886323
