{
  "sample_file": "A06_RD14-0003-49_50_29-1;4;1-M3I15-0.186IP-Q0.9_001.5sec.fsa",
  "computation_time": 20.220829010009766,
  "success": true,
  "denoising_metrics": {
    "original_peak_count": 50,
    "denoised_peak_count": 35,
    "filtered_peak_count": 15,
    "filtering_ratio": 0.3,
    "original_snr": 4.859493670886076,
    "denoised_snr": 3.190260475651189,
    "snr_improvement": 0.6565005928013647,
    "dynamic_range": 6.015625,
    "height_consistency": 0.5757909035572035,
    "strong_signal_ratio": 0.2571428571428571,
    "avg_alleles_per_locus": 2.1875,
    "locus_count": 16
  },
  "v5_features": {
    "Sample File": "A06_RD14-0003-49_50_29-1;4;1-M3I15-0.186IP-Q0.9_001.5sec.fsa",
    "mac_profile": "5",
    "total_distinct_alleles": 24,
    "avg_alleles_per_locus": 3.125,
    "std_alleles_per_locus": 0.806225774829855,
    "loci_gt3_alleles": "13",
    "loci_gt4_alleles": "4",
    "loci_gt5_alleles": "1",
    "loci_gt6_alleles": "0",
    "allele_count_dist_entropy": 1.1246702888376168,
    "avg_peak_height": 162.58,
    "std_peak_height": 93.94936721447355,
    "min_peak_height": 39.0,
    "max_peak_height": 385.0,
    "median_peak_height": 144.5,
    "signal_to_noise_ratio": 9.871794871794872,
    "dynamic_range": 1.0363012495662334,
    "skewness_peak_height": 0.5936769453617601,
    "kurtosis_peak_height": 2.2620789898377125,
    "avg_relative_intensity": 0.6651234090142446,
    "std_relative_intensity": 0.3132538288939247,
    "weak_signal_count": "17",
    "weak_signal_ratio": 0.34,
    "strong_signal_count": "0",
    "strong_signal_ratio": 0.0,
    "avg_phr": 0.5393685443956774,
    "std_phr": 0.30385118448866344,
    "min_phr": 0.12467532467532468,
    "median_phr": 0.6491935483870968,
    "num_loci_with_phr": 3,
    "num_severe_imbalance_loci": "1",
    "ratio_severe_imbalance_loci": 0.3333333333333333,
    "avg_locus_imbalance": 0.4200330850986126,
    "max_locus_imbalance": 0.8450008125780264,
    "modality_peak_height": 3,
    "num_saturated_peaks": "0",
    "ratio_saturated_peaks": 0.0,
    "inter_locus_balance_entropy": 2.735704695981725,
    "avg_locus_allele_entropy": 0.9941621443868593,
    "peak_height_entropy": 2.5945503607686033,
    "num_loci_with_effective_alleles": 16,
    "num_loci_no_effective_alleles": 4,
    "height_size_correlation": -0.3228964068968635,
    "height_size_slope": -0.4280656169655317,
    "degradation_r_squared": 0.10426208958690483,
    "baseline_noise_level": 60.6,
    "signal_above_baseline": 0.36,
    "outlier_peak_count": "2",
    "outlier_peak_ratio": 0.04,
    "signal_consistency": 0.42213453552421243
  },
  "posterior_summary": null,
  "timestamp": "2025-06-09 21:29:43"
}