{
  "sample_file": "H07_RD14-0003-35_36_37_38_39-1;4;4;4;1-M2I35-0.75IP-QLAND_004.5sec.fsa",
  "computation_time": 92.92505693435669,
  "success": true,
  "denoising_metrics": {
    "original_peak_count": 75,
    "denoised_peak_count": 42,
    "filtered_peak_count": 33,
    "filtering_ratio": 0.44,
    "original_snr": 8.666666666666668,
    "denoised_snr": 2.8847058823529412,
    "snr_improvement": 0.33285067873303165,
    "dynamic_range": 6.163366336633663,
    "height_consistency": 0.5612532791191888,
    "strong_signal_ratio": 0.2619047619047619,
    "avg_alleles_per_locus": 2.8,
    "locus_count": 15
  },
  "v5_features": {
    "Sample File": "H07_RD14-0003-35_36_37_38_39-1;4;4;4;1-M2I35-0.75IP-QLAND_004.5sec.fsa",
    "mac_profile": "7",
    "total_distinct_alleles": 31,
    "avg_alleles_per_locus": 4.6875,
    "std_alleles_per_locus": 1.1954775893619531,
    "loci_gt3_alleles": "15",
    "loci_gt4_alleles": "14",
    "loci_gt5_alleles": "10",
    "loci_gt6_alleles": "3",
    "allele_count_dist_entropy": 1.488036043578116,
    "avg_peak_height": 345.2133333333333,
    "std_peak_height": 249.47664116884548,
    "min_peak_height": 31.0,
    "max_peak_height": 1245.0,
    "median_peak_height": 296.0,
    "signal_to_noise_ratio": 40.16129032258065,
    "dynamic_range": 1.6144889805508709,
    "skewness_peak_height": 1.0274956555005652,
    "kurtosis_peak_height": 4.153569360641282,
    "avg_relative_intensity": 0.5377848569733036,
    "std_relative_intensity": 0.3249620111919207,
    "weak_signal_count": "13",
    "weak_signal_ratio": 0.17333333333333334,
    "strong_signal_count": "1",
    "strong_signal_ratio": 0.013333333333333334,
    "avg_phr": 0.7323943661971831,
    "std_phr": 0,
    "min_phr": 0.7323943661971831,
    "median_phr": 0.7323943661971831,
    "num_loci_with_phr": 1,
    "num_severe_imbalance_loci": "0",
    "ratio_severe_imbalance_loci": 0.0,
    "avg_locus_imbalance": 0.5567212203569994,
    "max_locus_imbalance": 0.8583435014426801,
    "modality_peak_height": 3,
    "num_saturated_peaks": "0",
    "ratio_saturated_peaks": 0.0,
    "inter_locus_balance_entropy": 2.735563302101709,
    "avg_locus_allele_entropy": 1.3303390932379642,
    "peak_height_entropy": 2.505967738742594,
    "num_loci_with_effective_alleles": 16,
    "num_loci_no_effective_alleles": 4,
    "height_size_correlation": -0.22009532554747305,
    "height_size_slope": -0.7976054871065255,
    "degradation_r_squared": 0.04844195232784813,
    "baseline_noise_level": 56.6,
    "signal_above_baseline": 0.7333333333333333,
    "outlier_peak_count": "4",
    "outlier_peak_ratio": 0.05333333333333334,
    "signal_consistency": 0.27732617173290286
  },
  "posterior_summary": {
    "mixture_ratio_summary": {
      "NoC_5": {
        "Mx_1": {
          "mean": 0.2992287413430775,
          "std": 0.034543892589037554,
          "median": 0.30017597778238664,
          "credible_interval_95": [
            0.23161406952253658,
            0.3686587023246875
          ]
        },
        "Mx_2": {
          "mean": 0.03875061040947725,
          "std": 0.03494056394039698,
          "median": 0.03299908389622273,
          "credible_interval_95": [
            3.963745789894001e-12,
            0.11144749155654889
          ]
        },
        "Mx_3": {
          "mean": 0.27343276179495957,
          "std": 0.026388970009001738,
          "median": 0.273842181628206,
          "credible_interval_95": [
            0.22200426107795154,
            0.327716769375929
          ]
        },
        "Mx_4": {
          "mean": 0.17042207229211565,
          "std": 0.023398456027358037,
          "median": 0.16905840341089137,
          "credible_interval_95": [
            0.12632013850520005,
            0.22033555555197978
          ]
        },
        "Mx_5": {
          "mean": 0.21816581416037006,
          "std": 0.02973585602484618,
          "median": 0.21804106114751023,
          "credible_interval_95": [
            0.15968473601446842,
            0.2790720762546394
          ]
        }
      }
    },
    "most_probable_noc": 5,
    "noc_confidence": 1.0,
    "model_quality": {
      "acceptance_rate": 0.22065,
      "n_samples": 2400,
      "converged": true
    }
  },
  "timestamp": "2025-06-10 15:37:37"
}